Start Time,Duration,Run ID,Name,Source Type,Source Name,User,Status,copy_X,fit_intercept,model_seed,n_jobs,positive,training_mean_absolute_error,training_mean_squared_error,training_r2_score,training_root_mean_squared_error,training_score,estimator_class,estimator_name
2024-10-15 18:57:24,1.6s,0d373532f0354896921614fdc8c97f34,LinearRegression_2024_10_15_065724PM,LOCAL,/Users/Hena/anaconda3/lib/python3.11/site-packages/ipykernel_launcher.py,Hena,FINISHED,True,True,1524834863,None,False,0.5511742151084362,0.4096703878633371,0.14652002528471453,0.6400549881559686,0.14652002528471453,sklearn.linear_model._base.LinearRegression,LinearRegression
2024-10-15 18:57:22,1.5s,a7680e23479945f3a1be6db045826cb8,LinearRegression_2024_10_15_065722PM,LOCAL,/Users/Hena/anaconda3/lib/python3.11/site-packages/ipykernel_launcher.py,Hena,FINISHED,True,True,950420120,None,False,0.5908775761384679,0.5499480252400923,0.08096920915759975,0.7415848065056971,0.08096920915759975,sklearn.linear_model._base.LinearRegression,LinearRegression
2024-10-15 18:57:21,1.4s,b5cd2bc44598421c988a17937ac39ed0,LinearRegression_2024_10_15_065721PM,LOCAL,/Users/Hena/anaconda3/lib/python3.11/site-packages/ipykernel_launcher.py,Hena,FINISHED,True,True,806562966,None,False,0.5638827370642779,0.44700808159049626,0.14300597854582764,0.6685866298322876,0.14300597854582764,sklearn.linear_model._base.LinearRegression,LinearRegression
2024-10-15 18:57:19,1.6s,4234a8f8c2d24a8aa620ca9b83e6c5d5,LinearRegression_2024_10_15_065719PM,LOCAL,/Users/Hena/anaconda3/lib/python3.11/site-packages/ipykernel_launcher.py,Hena,FINISHED,True,True,939582028,None,False,0.67216881606668,0.6012602232294728,0.19358875639823936,0.7754097131384625,0.19358875639823936,sklearn.linear_model._base.LinearRegression,LinearRegression
2024-10-15 18:57:18,1.5s,60e5f921fbb9469f8d03d5fde4388c8c,LinearRegression_2024_10_15_065718PM,LOCAL,/Users/Hena/anaconda3/lib/python3.11/site-packages/ipykernel_launcher.py,Hena,FINISHED,True,True,1062630008,None,False,0.6756204718012252,0.6413216253429148,0.13985833510875156,0.8008255898402066,0.13985833510875156,sklearn.linear_model._base.LinearRegression,LinearRegression
2024-10-15 18:57:16,1.5s,8d113034b82b4e0eb1d74b1625ece6e5,LinearRegression_2024_10_15_065716PM,LOCAL,/Users/Hena/anaconda3/lib/python3.11/site-packages/ipykernel_launcher.py,Hena,FINISHED,True,True,1297259076,None,False,0.5018230490333437,0.3709161498650909,0.15393213990627086,0.6090288579904001,0.15393213990627086,sklearn.linear_model._base.LinearRegression,LinearRegression
2024-10-15 18:57:14,1.5s,5906cbaf8d7a43108dbbee91f445b9bf,LinearRegression_2024_10_15_065714PM,LOCAL,/Users/Hena/anaconda3/lib/python3.11/site-packages/ipykernel_launcher.py,Hena,FINISHED,True,True,1807785181,None,False,0.7734712233959291,0.7411664181183915,0.022723604801699215,0.8609102265151642,0.022723604801699215,sklearn.linear_model._base.LinearRegression,LinearRegression
2024-10-15 18:57:13,1.5s,45a0789d75f64b6f94a54f9a5b627a10,LinearRegression_2024_10_15_065713PM,LOCAL,/Users/Hena/anaconda3/lib/python3.11/site-packages/ipykernel_launcher.py,Hena,FINISHED,True,True,938489854,None,False,0.4572733071264507,0.291586160144009,0.43752669725306903,0.5399871851664714,0.43752669725306903,sklearn.linear_model._base.LinearRegression,LinearRegression
2024-10-15 18:57:11,1.4s,fa68a828f42845b0a1fc36a1c5bb0fbc,LinearRegression_2024_10_15_065711PM,LOCAL,/Users/Hena/anaconda3/lib/python3.11/site-packages/ipykernel_launcher.py,Hena,FINISHED,True,True,1758010967,None,False,0.6004427537627087,0.5138725978397135,0.2279558325725457,0.7168490760541674,0.2279558325725457,sklearn.linear_model._base.LinearRegression,LinearRegression
2024-10-15 18:57:10,1.4s,f87c6e7071094cc788be6ac3d98e8c5b,LinearRegression_2024_10_15_065710PM,LOCAL,/Users/Hena/anaconda3/lib/python3.11/site-packages/ipykernel_launcher.py,Hena,FINISHED,True,True,983167990,None,False,0.4658252569034602,0.4350700030141321,0.007595796044406744,0.6595983649268182,0.007595796044406744,sklearn.linear_model._base.LinearRegression,LinearRegression
2024-10-15 18:57:08,1.5s,9cd6f2213f7f4e22aa984bee975f35a4,LinearRegression_2024_10_15_065708PM,LOCAL,/Users/Hena/anaconda3/lib/python3.11/site-packages/ipykernel_launcher.py,Hena,FINISHED,True,True,760409352,None,False,0.7274099415287937,0.6702678879781788,0.09716071123628933,0.8186988994607106,0.09716071123628933,sklearn.linear_model._base.LinearRegression,LinearRegression
2024-10-15 18:57:07,1.5s,aeb0b3affab647f09045c53209689eae,LinearRegression_2024_10_15_065707PM,LOCAL,/Users/Hena/anaconda3/lib/python3.11/site-packages/ipykernel_launcher.py,Hena,FINISHED,True,True,777290557,None,False,0.5882297786613163,0.5500211781944957,0.006464634764277832,0.7416341269079354,0.006464634764277832,sklearn.linear_model._base.LinearRegression,LinearRegression
2024-10-15 18:57:05,1.5s,2992c96fa7bb4f63a03782eb1ac91a78,LinearRegression_2024_10_15_065705PM,LOCAL,/Users/Hena/anaconda3/lib/python3.11/site-packages/ipykernel_launcher.py,Hena,FINISHED,True,True,829613347,None,False,0.6266607208218301,0.5950096367769575,0.06090650761212513,0.7713686775964899,0.06090650761212513,sklearn.linear_model._base.LinearRegression,LinearRegression
2024-10-15 18:57:04,1.5s,e9e5526261954ad2b2f9f4ca59c289ad,LinearRegression_2024_10_15_065704PM,LOCAL,/Users/Hena/anaconda3/lib/python3.11/site-packages/ipykernel_launcher.py,Hena,FINISHED,True,True,1367188284,None,False,0.5629900138420446,0.4858043676757041,0.13249220057909983,0.6969966769473899,0.13249220057909983,sklearn.linear_model._base.LinearRegression,LinearRegression
2024-10-15 18:57:01,2.4s,fb94cddc68764e41b2687064b05f45fc,LinearRegression_2024_10_15_065701PM,LOCAL,/Users/Hena/anaconda3/lib/python3.11/site-packages/ipykernel_launcher.py,Hena,FINISHED,True,True,1955770179,None,False,0.5821371346714106,0.5082948591862771,0.08183732083403661,0.7129480059487348,0.08183732083403661,sklearn.linear_model._base.LinearRegression,LinearRegression
2024-10-15 18:57:00,1.4s,554968e1ba3c41768b89783104b4adf8,LinearRegression_2024_10_15_065700PM,LOCAL,/Users/Hena/anaconda3/lib/python3.11/site-packages/ipykernel_launcher.py,Hena,FINISHED,True,True,78980367,None,False,0.6452788598426608,0.5969965749235225,0.19930716882574773,0.7726555344547288,0.19930716882574773,sklearn.linear_model._base.LinearRegression,LinearRegression
2024-10-15 18:56:58,1.6s,6fba4ab1367c4d2ebbfb2038fb1f50b3,LinearRegression_2024_10_15_065658PM,LOCAL,/Users/Hena/anaconda3/lib/python3.11/site-packages/ipykernel_launcher.py,Hena,FINISHED,True,True,1899074884,None,False,0.6194912186534041,0.5626076048577916,0.15473617058625067,0.750071733141432,0.15473617058625067,sklearn.linear_model._base.LinearRegression,LinearRegression
2024-10-15 18:56:56,1.8s,e6027581b65746c69dd49180a4065225,LinearRegression_2024_10_15_065656PM,LOCAL,/Users/Hena/anaconda3/lib/python3.11/site-packages/ipykernel_launcher.py,Hena,FINISHED,True,True,230402690,None,False,0.6083539445678692,0.5561458860595486,0.09481463857495354,0.7457518930981997,0.09481463857495354,sklearn.linear_model._base.LinearRegression,LinearRegression
2024-10-15 18:56:54,1.6s,c59940ef2e6c40679433bbbfb4e5397c,LinearRegression_2024_10_15_065654PM,LOCAL,/Users/Hena/anaconda3/lib/python3.11/site-packages/ipykernel_launcher.py,Hena,FINISHED,True,True,74074626,None,False,0.6365082796439543,0.5606023357237843,0.17364042493545961,0.7487338216774932,0.17364042493545961,sklearn.linear_model._base.LinearRegression,LinearRegression
2024-10-15 18:56:53,1.4s,f94a4aaad358492bbc7b614d316d64fb,LinearRegression_2024_10_15_065653PM,LOCAL,/Users/Hena/anaconda3/lib/python3.11/site-packages/ipykernel_launcher.py,Hena,FINISHED,True,True,957931182,None,False,0.6031918564432116,0.5417495368323964,0.18214139970954668,0.7360363692321163,0.18214139970954668,sklearn.linear_model._base.LinearRegression,LinearRegression
2024-10-15 18:56:51,1.6s,00edd404e8624e1492feb796bb3e7f50,LinearRegression_2024_10_15_065651PM,LOCAL,/Users/Hena/anaconda3/lib/python3.11/site-packages/ipykernel_launcher.py,Hena,FINISHED,True,True,488604140,None,False,0.6647756273147768,0.5657644084422524,0.0791594914676883,0.7521731239829381,0.0791594914676883,sklearn.linear_model._base.LinearRegression,LinearRegression
2024-10-15 18:56:50,1.5s,27fa8b45b22a470a89c6ef00bb92801e,LinearRegression_2024_10_15_065650PM,LOCAL,/Users/Hena/anaconda3/lib/python3.11/site-packages/ipykernel_launcher.py,Hena,FINISHED,True,True,1729761494,None,False,0.5845779881552869,0.5357938563893532,0.15007319735191438,0.7319794098124299,0.15007319735191438,sklearn.linear_model._base.LinearRegression,LinearRegression
2024-10-15 18:56:48,1.5s,1494bf22004647bf8e5e54155f386720,LinearRegression_2024_10_15_065648PM,LOCAL,/Users/Hena/anaconda3/lib/python3.11/site-packages/ipykernel_launcher.py,Hena,FINISHED,True,True,1801834702,None,False,0.5916604283273902,0.4829333041740629,0.1707875958549745,0.6949340286488084,0.1707875958549745,sklearn.linear_model._base.LinearRegression,LinearRegression
2024-10-15 18:56:47,1.7s,0405da3c51234e5ca6cb1f798a80e540,LinearRegression_2024_10_15_065647PM,LOCAL,/Users/Hena/anaconda3/lib/python3.11/site-packages/ipykernel_launcher.py,Hena,FINISHED,True,True,518982758,None,False,0.7801996490791032,0.7442511747065397,0.038931850843827775,0.8626999331787036,0.038931850843827775,sklearn.linear_model._base.LinearRegression,LinearRegression
2024-10-15 18:56:45,1.5s,6387b2f718314505a3488dfed9e05bf1,LinearRegression_2024_10_15_065645PM,LOCAL,/Users/Hena/anaconda3/lib/python3.11/site-packages/ipykernel_launcher.py,Hena,FINISHED,True,True,1042173490,None,False,0.5709739772407719,0.44974326789891156,0.2319957856917494,0.6706290091391153,0.2319957856917494,sklearn.linear_model._base.LinearRegression,LinearRegression
2024-10-15 18:56:43,1.6s,2a661c30d7084b699d8b084ae143a897,LinearRegression_2024_10_15_065643PM,LOCAL,/Users/Hena/anaconda3/lib/python3.11/site-packages/ipykernel_launcher.py,Hena,FINISHED,True,True,1763318846,None,False,0.4568243411139751,0.37128880789621094,0.3795307354675621,0.6093347256608727,0.3795307354675621,sklearn.linear_model._base.LinearRegression,LinearRegression
2024-10-15 18:56:42,1.5s,61fbd0bcf2b64e39afbb3ea0e29be3aa,LinearRegression_2024_10_15_065642PM,LOCAL,/Users/Hena/anaconda3/lib/python3.11/site-packages/ipykernel_launcher.py,Hena,FINISHED,True,True,1032675141,None,False,0.5428941107681691,0.39653122096018306,0.1334544996499495,0.6297072502045559,0.1334544996499495,sklearn.linear_model._base.LinearRegression,LinearRegression
2024-10-15 18:56:40,1.4s,d1d55328363b4bc6ab3b97edc02ec867,LinearRegression_2024_10_15_065640PM,LOCAL,/Users/Hena/anaconda3/lib/python3.11/site-packages/ipykernel_launcher.py,Hena,FINISHED,True,True,905264906,None,False,0.5771832650636921,0.47637234530042255,0.2039232197519678,0.6901973234520854,0.2039232197519678,sklearn.linear_model._base.LinearRegression,LinearRegression
2024-10-15 18:56:39,1.5s,1a755244ef664ef1aba4d3de3a03d857,LinearRegression_2024_10_15_065639PM,LOCAL,/Users/Hena/anaconda3/lib/python3.11/site-packages/ipykernel_launcher.py,Hena,FINISHED,True,True,56210171,None,False,0.7565737413857212,0.7230001669666428,0.03031093486233527,0.8502941649609521,0.03031093486233527,sklearn.linear_model._base.LinearRegression,LinearRegression
2024-10-15 18:56:37,1.8s,2f1336350c8d47eeb562500930178d8e,LinearRegression_2024_10_15_065637PM,LOCAL,/Users/Hena/anaconda3/lib/python3.11/site-packages/ipykernel_launcher.py,Hena,FINISHED,True,True,1274895872,None,False,0.699905572756467,0.628185214945251,0.056212116969274306,0.792581361719572,0.056212116969274306,sklearn.linear_model._base.LinearRegression,LinearRegression
2024-10-15 18:56:35,1.5s,6378c4167f05463884f5eaa06dd002ae,LinearRegression_2024_10_15_065635PM,LOCAL,/Users/Hena/anaconda3/lib/python3.11/site-packages/ipykernel_launcher.py,Hena,FINISHED,True,True,1903752458,None,False,0.6160997824108265,0.49032602428276884,0.0599577755315015,0.7002328357644826,0.0599577755315015,sklearn.linear_model._base.LinearRegression,LinearRegression
2024-10-15 18:56:34,1.4s,d690a0e8b4af430d9f05ce95c3f7bf30,LinearRegression_2024_10_15_065634PM,LOCAL,/Users/Hena/anaconda3/lib/python3.11/site-packages/ipykernel_launcher.py,Hena,FINISHED,True,True,2123368418,None,False,0.699798824722038,0.6230730182508271,0.1268595596260833,0.7893497439353655,0.1268595596260833,sklearn.linear_model._base.LinearRegression,LinearRegression
2024-10-15 18:56:32,1.4s,6289c245065e4771a3c84b3d68c579e3,LinearRegression_2024_10_15_065632PM,LOCAL,/Users/Hena/anaconda3/lib/python3.11/site-packages/ipykernel_launcher.py,Hena,FINISHED,True,True,1976952017,None,False,0.7558280937325881,0.6918169536794173,0.07213391405657554,0.8317553448457168,0.07213391405657554,sklearn.linear_model._base.LinearRegression,LinearRegression
2024-10-15 18:56:30,1.5s,d984bd80f4c34ce791062d89ba0152f4,LinearRegression_2024_10_15_065630PM,LOCAL,/Users/Hena/anaconda3/lib/python3.11/site-packages/ipykernel_launcher.py,Hena,FINISHED,True,True,1900678630,None,False,0.5985540905815967,0.497772197439341,0.26625560518965086,0.7055297282463305,0.26625560518965086,sklearn.linear_model._base.LinearRegression,LinearRegression
2024-10-15 18:56:29,1.6s,f74b9f82c1f043a4a19508590fcb4599,LinearRegression_2024_10_15_065629PM,LOCAL,/Users/Hena/anaconda3/lib/python3.11/site-packages/ipykernel_launcher.py,Hena,FINISHED,True,True,1305548995,None,False,0.6156623388800779,0.5214269040877938,0.1513233982946065,0.7220989572681806,0.1513233982946065,sklearn.linear_model._base.LinearRegression,LinearRegression
2024-10-15 18:56:27,1.5s,d716c410c9cd48ce812b38e1e25e7297,LinearRegression_2024_10_15_065627PM,LOCAL,/Users/Hena/anaconda3/lib/python3.11/site-packages/ipykernel_launcher.py,Hena,FINISHED,True,True,233304605,None,False,0.6066067847586857,0.5031025402714421,0.06416938193556176,0.7092972157505216,0.06416938193556176,sklearn.linear_model._base.LinearRegression,LinearRegression
2024-10-15 18:56:26,1.5s,f9532e529beb462ab46999d1aeffe6e2,LinearRegression_2024_10_15_065626PM,LOCAL,/Users/Hena/anaconda3/lib/python3.11/site-packages/ipykernel_launcher.py,Hena,FINISHED,True,True,666357626,None,False,0.5974028163045686,0.4981725308451255,0.3318501463987049,0.7058133824497277,0.3318501463987049,sklearn.linear_model._base.LinearRegression,LinearRegression
2024-10-15 18:56:24,1.8s,34b3bb4c56f64ba5a038b1c6e4853cff,LinearRegression_2024_10_15_065624PM,LOCAL,/Users/Hena/anaconda3/lib/python3.11/site-packages/ipykernel_launcher.py,Hena,FINISHED,True,True,1465676133,None,False,0.7336591693436144,0.6787423571101673,0.05730228179143437,0.8238582142032495,0.05730228179143437,sklearn.linear_model._base.LinearRegression,LinearRegression
2024-10-15 18:56:22,1.4s,347d357575e44f5c967502d6cde02737,LinearRegression_2024_10_15_065622PM,LOCAL,/Users/Hena/anaconda3/lib/python3.11/site-packages/ipykernel_launcher.py,Hena,FINISHED,True,True,1751084694,None,False,0.523097290106445,0.4021882180620399,0.20453279655450973,0.6341831108300188,0.20453279655450973,sklearn.linear_model._base.LinearRegression,LinearRegression
2024-10-15 18:56:21,1.5s,28185d004ea74f7cbaf508697982ce02,LinearRegression_2024_10_15_065621PM,LOCAL,/Users/Hena/anaconda3/lib/python3.11/site-packages/ipykernel_launcher.py,Hena,FINISHED,True,True,1176041036,None,False,0.6250135910943806,0.5523977652865096,0.07687539223511097,0.7432346636739365,0.07687539223511097,sklearn.linear_model._base.LinearRegression,LinearRegression
2024-10-15 18:56:19,1.4s,4df16cbf7d6a44bb94d4b59270779f4b,LinearRegression_2024_10_15_065619PM,LOCAL,/Users/Hena/anaconda3/lib/python3.11/site-packages/ipykernel_launcher.py,Hena,FINISHED,True,True,1195791776,None,False,0.4673856321985806,0.3745043603593242,0.3235109097555561,0.6119676138157347,0.3235109097555561,sklearn.linear_model._base.LinearRegression,LinearRegression
2024-10-15 18:56:18,1.5s,4d943c4e155640959a61e4efdef3cf39,LinearRegression_2024_10_15_065618PM,LOCAL,/Users/Hena/anaconda3/lib/python3.11/site-packages/ipykernel_launcher.py,Hena,FINISHED,True,True,1982240014,None,False,0.5388636879916254,0.3919803809151443,0.07201614366679865,0.6260833657869728,0.07201614366679865,sklearn.linear_model._base.LinearRegression,LinearRegression
2024-10-15 18:56:16,1.6s,73d9351baf7b48a5adf68e249ecd01ce,LinearRegression_2024_10_15_065616PM,LOCAL,/Users/Hena/anaconda3/lib/python3.11/site-packages/ipykernel_launcher.py,Hena,FINISHED,True,True,382705990,None,False,0.6170770859912298,0.5825969558629311,0.051762767150177136,0.7632803913785098,0.051762767150177136,sklearn.linear_model._base.LinearRegression,LinearRegression
2024-10-15 18:56:14,1.6s,f2f04cbd1a2946c38607ada427b86b08,LinearRegression_2024_10_15_065614PM,LOCAL,/Users/Hena/anaconda3/lib/python3.11/site-packages/ipykernel_launcher.py,Hena,FINISHED,True,True,295687777,None,False,0.6110112069512295,0.4928382308493023,0.05514142858646043,0.7020243805234276,0.05514142858646043,sklearn.linear_model._base.LinearRegression,LinearRegression
2024-10-15 18:56:13,1.5s,3a7e9fe4304e4adab99f9c798a082a02,LinearRegression_2024_10_15_065613PM,LOCAL,/Users/Hena/anaconda3/lib/python3.11/site-packages/ipykernel_launcher.py,Hena,FINISHED,True,True,1616148975,None,False,0.5878319780343269,0.4647801543036646,0.16044047271736872,0.6817478671060618,0.16044047271736872,sklearn.linear_model._base.LinearRegression,LinearRegression
2024-10-15 18:56:11,1.5s,3e189844754b4cb0acf88a91dd04e11f,LinearRegression_2024_10_15_065611PM,LOCAL,/Users/Hena/anaconda3/lib/python3.11/site-packages/ipykernel_launcher.py,Hena,FINISHED,True,True,1974065866,None,False,0.6153104447401081,0.47284650661642014,0.15563123818496405,0.6876383545268692,0.15563123818496405,sklearn.linear_model._base.LinearRegression,LinearRegression
2024-10-15 18:56:10,1.5s,84452a135dd9458eb74e94858b40e54e,LinearRegression_2024_10_15_065610PM,LOCAL,/Users/Hena/anaconda3/lib/python3.11/site-packages/ipykernel_launcher.py,Hena,FINISHED,True,True,1182182405,None,False,0.45578472397482,0.3582171282824823,0.0898955074123925,0.5985124295137757,0.0898955074123925,sklearn.linear_model._base.LinearRegression,LinearRegression
2024-10-15 18:56:08,1.8s,42c0ccd0454740d2813836261c59bcb0,LinearRegression_2024_10_15_065608PM,LOCAL,/Users/Hena/anaconda3/lib/python3.11/site-packages/ipykernel_launcher.py,Hena,FINISHED,True,True,592598770,None,False,0.6816078919028246,0.6114744958316354,0.09865198138025477,0.7819683470778311,0.09865198138025477,sklearn.linear_model._base.LinearRegression,LinearRegression
2024-10-15 18:56:06,1.5s,7b9f26fbf0dd4312b2920347b7533562,LinearRegression_2024_10_15_065606PM,LOCAL,/Users/Hena/anaconda3/lib/python3.11/site-packages/ipykernel_launcher.py,Hena,FINISHED,True,True,499823036,None,False,0.5904755140824746,0.44726096735101345,0.14252115155097111,0.6687757227583949,0.14252115155097111,sklearn.linear_model._base.LinearRegression,LinearRegression
2024-10-15 18:56:04,2.0s,b0d5a56180cb464996bd413fc8ebf436,LinearRegression_2024_10_15_065604PM,LOCAL,/Users/Hena/anaconda3/lib/python3.11/site-packages/ipykernel_launcher.py,Hena,FINISHED,True,True,773131484,None,False,0.5106261620697361,0.4211773982162475,0.073113120122695,0.648981816552858,0.073113120122695,sklearn.linear_model._base.LinearRegression,LinearRegression
2024-10-15 18:56:02,1.6s,ad4a3cdbf1234f76a31a57f88209bf9e,LinearRegression_2024_10_15_065602PM,LOCAL,/Users/Hena/anaconda3/lib/python3.11/site-packages/ipykernel_launcher.py,Hena,FINISHED,True,True,1003213785,None,False,0.6178805445495077,0.5041890072507502,0.21220467617070282,0.7100626783958935,0.21220467617070282,sklearn.linear_model._base.LinearRegression,LinearRegression
2024-10-15 18:56:00,2.3s,d68cb2abdd9f4cd8bb7edaa561af9e52,LinearRegression_2024_10_15_065600PM,LOCAL,/Users/Hena/anaconda3/lib/python3.11/site-packages/ipykernel_launcher.py,Hena,FINISHED,True,True,793236823,None,False,0.6514278857993391,0.5853312714330552,0.07618170544025371,0.7650694553000108,0.07618170544025371,sklearn.linear_model._base.LinearRegression,LinearRegression
2024-10-15 18:55:58,1.5s,34e712af1c97496ea8e6512a1c0c687b,LinearRegression_2024_10_15_065558PM,LOCAL,/Users/Hena/anaconda3/lib/python3.11/site-packages/ipykernel_launcher.py,Hena,FINISHED,True,True,301358011,None,False,0.6053422693692926,0.509497999592401,0.07966401807731005,0.7137912857358242,0.07966401807731005,sklearn.linear_model._base.LinearRegression,LinearRegression
2024-10-15 18:55:57,1.4s,04238872d2e74b16a52aaab31cae1655,LinearRegression_2024_10_15_065557PM,LOCAL,/Users/Hena/anaconda3/lib/python3.11/site-packages/ipykernel_launcher.py,Hena,FINISHED,True,True,1209826650,None,False,0.6637735379633721,0.5745299597333535,0.1531103187892786,0.7579775456656704,0.1531103187892786,sklearn.linear_model._base.LinearRegression,LinearRegression
2024-10-15 18:55:55,1.4s,c06efcfebedc4a37ab08f5c9d7ed2b7a,LinearRegression_2024_10_15_065555PM,LOCAL,/Users/Hena/anaconda3/lib/python3.11/site-packages/ipykernel_launcher.py,Hena,FINISHED,True,True,1752848745,None,False,0.6192679061565134,0.5460220047287596,0.11589701306871802,0.7389330177551682,0.11589701306871802,sklearn.linear_model._base.LinearRegression,LinearRegression
2024-10-15 18:55:54,1.5s,bec42240273e49658f8fd4c67c754932,LinearRegression_2024_10_15_065554PM,LOCAL,/Users/Hena/anaconda3/lib/python3.11/site-packages/ipykernel_launcher.py,Hena,FINISHED,True,True,710035933,None,False,0.7027058948142152,0.6676218081177271,0.04297332551931332,0.817081273875327,0.04297332551931332,sklearn.linear_model._base.LinearRegression,LinearRegression
2024-10-15 18:55:52,1.6s,8b08db76051649f0af33e5fd2d65ea1b,LinearRegression_2024_10_15_065552PM,LOCAL,/Users/Hena/anaconda3/lib/python3.11/site-packages/ipykernel_launcher.py,Hena,FINISHED,True,True,1164888854,None,False,0.5110571368099585,0.40622214822373254,0.3025031795608989,0.6373555900937345,0.3025031795608989,sklearn.linear_model._base.LinearRegression,LinearRegression
2024-10-15 18:55:50,1.8s,10d33d80e78b4b8fa54b47b1fca152ca,LinearRegression_2024_10_15_065550PM,LOCAL,/Users/Hena/anaconda3/lib/python3.11/site-packages/ipykernel_launcher.py,Hena,FINISHED,True,True,1769984303,None,False,0.4744871381982093,0.30523494372823495,0.3555005411143688,0.5524807179696274,0.3555005411143688,sklearn.linear_model._base.LinearRegression,LinearRegression
2024-10-15 18:55:49,1.4s,3b6ed7abd73a4937a57f736119a4916a,LinearRegression_2024_10_15_065549PM,LOCAL,/Users/Hena/anaconda3/lib/python3.11/site-packages/ipykernel_launcher.py,Hena,FINISHED,True,True,745579575,None,False,0.6453709758383064,0.586392621344043,0.04558492619784671,0.7657627709310783,0.04558492619784671,sklearn.linear_model._base.LinearRegression,LinearRegression
2024-10-15 18:55:47,1.4s,3e7b1a3fbd344e46846322464e49f289,LinearRegression_2024_10_15_065547PM,LOCAL,/Users/Hena/anaconda3/lib/python3.11/site-packages/ipykernel_launcher.py,Hena,FINISHED,True,True,1825243480,None,False,0.557591636503265,0.43066844551908656,0.17433196794653638,0.656253339434617,0.17433196794653638,sklearn.linear_model._base.LinearRegression,LinearRegression
2024-10-15 18:55:46,1.4s,85f5faac757f4a96a224d727a015403e,LinearRegression_2024_10_15_065546PM,LOCAL,/Users/Hena/anaconda3/lib/python3.11/site-packages/ipykernel_launcher.py,Hena,FINISHED,True,True,2027866238,None,False,0.5752313272901984,0.4732257554207704,0.1451846903526547,0.6879140610721447,0.1451846903526547,sklearn.linear_model._base.LinearRegression,LinearRegression
2024-10-15 18:55:44,1.5s,6f526ab3407549ab9870a749e106ab3c,LinearRegression_2024_10_15_065544PM,LOCAL,/Users/Hena/anaconda3/lib/python3.11/site-packages/ipykernel_launcher.py,Hena,FINISHED,True,True,1596125729,None,False,0.7304622422792849,0.6626781944924316,0.12621546084858715,0.8140504864518119,0.12621546084858715,sklearn.linear_model._base.LinearRegression,LinearRegression
2024-10-15 18:55:42,1.5s,925c6f84d25f43afbf916a229f8ae19b,LinearRegression_2024_10_15_065542PM,LOCAL,/Users/Hena/anaconda3/lib/python3.11/site-packages/ipykernel_launcher.py,Hena,FINISHED,True,True,1832029914,None,False,0.6328359755138026,0.5568783976411132,0.043821432621714895,0.7462428543316936,0.043821432621714895,sklearn.linear_model._base.LinearRegression,LinearRegression
2024-10-15 18:55:41,1.6s,20619044ba21401084f6e1349fff656c,LinearRegression_2024_10_15_065541PM,LOCAL,/Users/Hena/anaconda3/lib/python3.11/site-packages/ipykernel_launcher.py,Hena,FINISHED,True,True,363638912,None,False,0.6119763427225762,0.5207526997442506,0.1297581889300624,0.7216319697354397,0.1297581889300624,sklearn.linear_model._base.LinearRegression,LinearRegression
2024-10-15 18:55:39,1.4s,d437cab7e9584fedbac84a4432346057,LinearRegression_2024_10_15_065539PM,LOCAL,/Users/Hena/anaconda3/lib/python3.11/site-packages/ipykernel_launcher.py,Hena,FINISHED,True,True,2050301017,None,False,0.688781629617711,0.5667545901153414,0.14850572398536432,0.7528310501801458,0.14850572398536432,sklearn.linear_model._base.LinearRegression,LinearRegression
2024-10-15 18:55:37,1.6s,575afd96aa734e198f512e16a213094b,LinearRegression_2024_10_15_065537PM,LOCAL,/Users/Hena/anaconda3/lib/python3.11/site-packages/ipykernel_launcher.py,Hena,FINISHED,True,True,525712575,None,False,0.6074872462916385,0.5178533484509443,0.18268095257111072,0.7196202807390467,0.18268095257111072,sklearn.linear_model._base.LinearRegression,LinearRegression
2024-10-15 18:55:36,1.6s,4d26dd3423ef477caaaa2ab375c2861d,LinearRegression_2024_10_15_065536PM,LOCAL,/Users/Hena/anaconda3/lib/python3.11/site-packages/ipykernel_launcher.py,Hena,FINISHED,True,True,1503355586,None,False,0.6495737943616356,0.5972103646395192,0.06685880525075139,0.77279386943707,0.06685880525075139,sklearn.linear_model._base.LinearRegression,LinearRegression
2024-10-15 18:55:34,1.4s,0a333093bb3149599f12a4da4ce7f9fa,LinearRegression_2024_10_15_065534PM,LOCAL,/Users/Hena/anaconda3/lib/python3.11/site-packages/ipykernel_launcher.py,Hena,FINISHED,True,True,1287421584,None,False,0.5208913414808759,0.42771488677483144,0.17493270298064933,0.6539991489098678,0.17493270298064933,sklearn.linear_model._base.LinearRegression,LinearRegression
2024-10-15 18:55:33,1.5s,0e2faa55a65749a482a4da9148740b08,LinearRegression_2024_10_15_065533PM,LOCAL,/Users/Hena/anaconda3/lib/python3.11/site-packages/ipykernel_launcher.py,Hena,FINISHED,True,True,1274654280,None,False,0.5878669508691138,0.522188048660597,0.022851705350679485,0.7226258012696454,0.022851705350679485,sklearn.linear_model._base.LinearRegression,LinearRegression
2024-10-15 18:55:31,1.7s,08d21378e97944d8b5a1ba8896db722e,LinearRegression_2024_10_15_065531PM,LOCAL,/Users/Hena/anaconda3/lib/python3.11/site-packages/ipykernel_launcher.py,Hena,FINISHED,True,True,1271715415,None,False,0.5363730546647577,0.4339840998210305,0.14164537218941775,0.6587746957959378,0.14164537218941775,sklearn.linear_model._base.LinearRegression,LinearRegression
2024-10-15 18:55:30,1.4s,d20ff218cb2941f3b785fa44041c752e,LinearRegression_2024_10_15_065530PM,LOCAL,/Users/Hena/anaconda3/lib/python3.11/site-packages/ipykernel_launcher.py,Hena,FINISHED,True,True,2080921767,None,False,0.603905231180933,0.5110169560768139,0.15057021928721104,0.7148544999346468,0.15057021928721104,sklearn.linear_model._base.LinearRegression,LinearRegression
2024-10-15 18:55:28,1.6s,85096819db1042f8a2aee2770c29df30,LinearRegression_2024_10_15_065528PM,LOCAL,/Users/Hena/anaconda3/lib/python3.11/site-packages/ipykernel_launcher.py,Hena,FINISHED,True,True,572579478,None,False,0.6865448961753754,0.5804689105352202,0.06012158268260981,0.7618851032375027,0.06012158268260981,sklearn.linear_model._base.LinearRegression,LinearRegression
2024-10-15 18:55:25,2.7s,c8923711d7fd42e699eb2252996c64b2,LinearRegression_2024_10_15_065525PM,LOCAL,/Users/Hena/anaconda3/lib/python3.11/site-packages/ipykernel_launcher.py,Hena,FINISHED,True,True,486643855,None,False,0.5468094229549798,0.4403403087829345,0.26413718452049706,0.6635814258875353,0.26413718452049706,sklearn.linear_model._base.LinearRegression,LinearRegression
2024-10-15 18:55:23,1.5s,ad58b0092978459c943aa4c551e3bcd7,LinearRegression_2024_10_15_065523PM,LOCAL,/Users/Hena/anaconda3/lib/python3.11/site-packages/ipykernel_launcher.py,Hena,FINISHED,True,True,1456711910,None,False,0.6936329639907228,0.623668032768905,0.06299874884479428,0.7897265556943777,0.06299874884479428,sklearn.linear_model._base.LinearRegression,LinearRegression
2024-10-15 18:55:21,1.9s,b942258f218e47f49dff4b8e51bff281,LinearRegression_2024_10_15_065521PM,LOCAL,/Users/Hena/anaconda3/lib/python3.11/site-packages/ipykernel_launcher.py,Hena,FINISHED,True,True,1686038290,None,False,0.5175158452551751,0.3564923468783068,0.2904212840798035,0.5970698006751863,0.2904212840798035,sklearn.linear_model._base.LinearRegression,LinearRegression
2024-10-15 18:55:20,1.5s,fcbf7c7a58d3454ab7b2c3c569bc63f7,LinearRegression_2024_10_15_065520PM,LOCAL,/Users/Hena/anaconda3/lib/python3.11/site-packages/ipykernel_launcher.py,Hena,FINISHED,True,True,1295692630,None,False,0.6383231120798237,0.613999277558712,0.04062612881451255,0.7835810599795735,0.04062612881451255,sklearn.linear_model._base.LinearRegression,LinearRegression
2024-10-15 18:55:18,1.5s,27d1bd6c323a46a798d7ac878e9dca2c,LinearRegression_2024_10_15_065518PM,LOCAL,/Users/Hena/anaconda3/lib/python3.11/site-packages/ipykernel_launcher.py,Hena,FINISHED,True,True,923979024,None,False,0.5187978594590642,0.45818287210528424,0.12158191697606546,0.6768920682836255,0.12158191697606546,sklearn.linear_model._base.LinearRegression,LinearRegression
2024-10-15 18:55:17,1.6s,16416cc1f3ab462bb58bef547ffc122c,LinearRegression_2024_10_15_065517PM,LOCAL,/Users/Hena/anaconda3/lib/python3.11/site-packages/ipykernel_launcher.py,Hena,FINISHED,True,True,1081678284,None,False,0.7287551317872434,0.6549774135756898,0.056772157869110385,0.809306748752097,0.056772157869110385,sklearn.linear_model._base.LinearRegression,LinearRegression
2024-10-15 18:55:15,1.4s,b19561a2491641029aa2c33b0a169a22,LinearRegression_2024_10_15_065515PM,LOCAL,/Users/Hena/anaconda3/lib/python3.11/site-packages/ipykernel_launcher.py,Hena,FINISHED,True,True,985868302,None,False,0.6175869796425314,0.5454359018653188,0.1959966069202259,0.7385363239985686,0.1959966069202259,sklearn.linear_model._base.LinearRegression,LinearRegression
2024-10-15 18:55:14,1.5s,88e517b1fd87425ba7a8660c494f2e7b,LinearRegression_2024_10_15_065514PM,LOCAL,/Users/Hena/anaconda3/lib/python3.11/site-packages/ipykernel_launcher.py,Hena,FINISHED,True,True,633116282,None,False,0.6524234434570793,0.5599204959167967,0.08867106784375556,0.7482783545692049,0.08867106784375556,sklearn.linear_model._base.LinearRegression,LinearRegression
2024-10-15 18:55:12,1.5s,f26d48126c524deb8e14dd0c2cb612d3,LinearRegression_2024_10_15_065512PM,LOCAL,/Users/Hena/anaconda3/lib/python3.11/site-packages/ipykernel_launcher.py,Hena,FINISHED,True,True,1087170160,None,False,0.7283180400524558,0.6855583696360356,0.047835597727728385,0.8279845225824185,0.047835597727728385,sklearn.linear_model._base.LinearRegression,LinearRegression
2024-10-15 18:55:10,1.5s,01674f53818e47349f153d34aa22f527,LinearRegression_2024_10_15_065510PM,LOCAL,/Users/Hena/anaconda3/lib/python3.11/site-packages/ipykernel_launcher.py,Hena,FINISHED,True,True,320526279,None,False,0.5506005993142707,0.48190234710324475,0.19468190657880236,0.6941918662036056,0.19468190657880236,sklearn.linear_model._base.LinearRegression,LinearRegression
2024-10-15 18:55:09,1.5s,bf4a0058b8a64535b846fef649875af6,LinearRegression_2024_10_15_065509PM,LOCAL,/Users/Hena/anaconda3/lib/python3.11/site-packages/ipykernel_launcher.py,Hena,FINISHED,True,True,784910455,None,False,0.6678578593178213,0.5819785745281234,0.05767717854902299,0.7628752024598279,0.05767717854902299,sklearn.linear_model._base.LinearRegression,LinearRegression
2024-10-15 18:55:07,1.7s,c4aa79e2f04841009bf710cd529314ce,LinearRegression_2024_10_15_065507PM,LOCAL,/Users/Hena/anaconda3/lib/python3.11/site-packages/ipykernel_launcher.py,Hena,FINISHED,True,True,1058738836,None,False,0.6552494122739166,0.5519712145785907,0.17071632425091532,0.7429476526502999,0.17071632425091532,sklearn.linear_model._base.LinearRegression,LinearRegression
2024-10-15 18:55:05,1.5s,679b835b3742486e8838831be6104254,LinearRegression_2024_10_15_065505PM,LOCAL,/Users/Hena/anaconda3/lib/python3.11/site-packages/ipykernel_launcher.py,Hena,FINISHED,True,True,641082286,None,False,0.702229862639896,0.6453984393267101,0.10361327871290249,0.8033669394036016,0.10361327871290249,sklearn.linear_model._base.LinearRegression,LinearRegression
2024-10-15 18:55:04,1.7s,57b4821a962445e5921e304292453986,LinearRegression_2024_10_15_065504PM,LOCAL,/Users/Hena/anaconda3/lib/python3.11/site-packages/ipykernel_launcher.py,Hena,FINISHED,True,True,655275919,None,False,0.6489204581890289,0.5721728486312876,0.06872908751418061,0.7564210789178787,0.06872908751418061,sklearn.linear_model._base.LinearRegression,LinearRegression
2024-10-15 18:55:02,1.7s,86e8a65568fe49a69659bc4b5fac3ace,LinearRegression_2024_10_15_065502PM,LOCAL,/Users/Hena/anaconda3/lib/python3.11/site-packages/ipykernel_launcher.py,Hena,FINISHED,True,True,1967721226,None,False,0.5885544268777462,0.4436075095189438,0.14952548021674883,0.6660386696873867,0.14952548021674883,sklearn.linear_model._base.LinearRegression,LinearRegression
2024-10-15 18:54:59,1.7s,8a48e7afff984ccc9a99115df291985a,LinearRegression_2024_10_15_065459PM,LOCAL,/Users/Hena/anaconda3/lib/python3.11/site-packages/ipykernel_launcher.py,Hena,FINISHED,True,True,1349215657,None,False,0.6211453964763696,0.5167099088353411,0.2419162135631734,0.7188253674122395,0.2419162135631734,sklearn.linear_model._base.LinearRegression,LinearRegression
2024-10-15 18:54:57,2.0s,5e272ec71e504e8ab112e484c76fb854,LinearRegression_2024_10_15_065457PM,LOCAL,/Users/Hena/anaconda3/lib/python3.11/site-packages/ipykernel_launcher.py,Hena,FINISHED,True,True,2056634414,None,False,0.4495960250390793,0.2869542474690737,0.5867594362484538,0.5356811061341195,0.5867594362484538,sklearn.linear_model._base.LinearRegression,LinearRegression
2024-10-15 18:54:55,1.7s,e11791ef2a0b4812ba184717076491b0,LinearRegression_2024_10_15_065455PM,LOCAL,/Users/Hena/anaconda3/lib/python3.11/site-packages/ipykernel_launcher.py,Hena,FINISHED,True,True,1546761091,None,False,0.5172995244463255,0.3491796029109963,0.14079822118357188,0.5909142094339891,0.14079822118357188,sklearn.linear_model._base.LinearRegression,LinearRegression
2024-10-15 18:54:54,1.8s,e7c5171c1c7a4db789dc828cdc7e4311,LinearRegression_2024_10_15_065454PM,LOCAL,/Users/Hena/anaconda3/lib/python3.11/site-packages/ipykernel_launcher.py,Hena,FINISHED,True,True,1679673519,None,False,0.6177351249277259,0.5270154219450187,0.10004197072230414,0.7259582783776343,0.10004197072230414,sklearn.linear_model._base.LinearRegression,LinearRegression
2024-10-15 18:54:51,2.4s,194caa1e5db643109c787785f89b0e25,LinearRegression_2024_10_15_065451PM,LOCAL,/Users/Hena/anaconda3/lib/python3.11/site-packages/ipykernel_launcher.py,Hena,FINISHED,True,True,1170665727,None,False,0.5414991015722123,0.4028642639421015,0.19812049374581708,0.6347158923030851,0.19812049374581708,sklearn.linear_model._base.LinearRegression,LinearRegression
2024-10-15 18:54:49,1.7s,d7bb923ab00f4dbd966133b14666df4a,LinearRegression_2024_10_15_065449PM,LOCAL,/Users/Hena/anaconda3/lib/python3.11/site-packages/ipykernel_launcher.py,Hena,FINISHED,True,True,767383419,None,False,0.6178287788051287,0.5496295158658867,0.0863871079356936,0.7413700262796485,0.0863871079356936,sklearn.linear_model._base.LinearRegression,LinearRegression
2024-10-15 18:54:48,1.5s,289b0099b39048d8a74a1d381063447f,LinearRegression_2024_10_15_065448PM,LOCAL,/Users/Hena/anaconda3/lib/python3.11/site-packages/ipykernel_launcher.py,Hena,FINISHED,True,True,1063622187,None,False,0.5884116912283583,0.5485902950268516,0.009049322567103224,0.7406688160216087,0.009049322567103224,sklearn.linear_model._base.LinearRegression,LinearRegression
2024-10-15 18:54:46,1.8s,c4df4b6f89bf480b827c97eb952bb733,LinearRegression_2024_10_15_065446PM,LOCAL,/Users/Hena/anaconda3/lib/python3.11/site-packages/ipykernel_launcher.py,Hena,FINISHED,True,True,645657087,None,False,0.6281384328630639,0.5444198685001624,0.027821663392567197,0.7378481337647758,0.027821663392567197,sklearn.linear_model._base.LinearRegression,LinearRegression
2024-10-15 18:54:44,1.5s,b6efd0c56be1447393a74663021cd390,LinearRegression_2024_10_15_065444PM,LOCAL,/Users/Hena/anaconda3/lib/python3.11/site-packages/ipykernel_launcher.py,Hena,FINISHED,True,True,215368251,None,False,0.7045460221311453,0.6428694293614954,0.10712579255347854,0.801791387682292,0.10712579255347854,sklearn.linear_model._base.LinearRegression,LinearRegression
2024-10-15 18:54:43,1.5s,2279ebfdb6884afc85c2f225abc44487,LinearRegression_2024_10_15_065443PM,LOCAL,/Users/Hena/anaconda3/lib/python3.11/site-packages/ipykernel_launcher.py,Hena,FINISHED,True,True,649139763,None,False,0.6344988366853869,0.5590542276243368,0.04008546080986142,0.7476992895705711,0.04008546080986142,sklearn.linear_model._base.LinearRegression,LinearRegression
2024-10-15 18:54:41,1.7s,d83f07ff9eaa4b23bb88fd7713e88bfc,LinearRegression_2024_10_15_065441PM,LOCAL,/Users/Hena/anaconda3/lib/python3.11/site-packages/ipykernel_launcher.py,Hena,FINISHED,True,True,582155116,None,False,0.6050511699046774,0.55909215138566,0.19485577277410726,0.7477246494436706,0.19485577277410726,sklearn.linear_model._base.LinearRegression,LinearRegression
2024-10-15 18:54:39,1.5s,1dad09a345764d27a1857e3053cf8d09,LinearRegression_2024_10_15_065439PM,LOCAL,/Users/Hena/anaconda3/lib/python3.11/site-packages/ipykernel_launcher.py,Hena,FINISHED,True,True,1888253820,None,False,0.6420046831078977,0.5941645153613472,0.07161794474789507,0.7708206765268737,0.07161794474789507,sklearn.linear_model._base.LinearRegression,LinearRegression
2024-10-15 18:54:36,3.2s,80405ca2c3d74d2eb8d1e2b9e69f5e4c,LinearRegression_2024_10_15_065436PM,LOCAL,/Users/Hena/anaconda3/lib/python3.11/site-packages/ipykernel_launcher.py,Hena,FINISHED,True,True,360562361,None,False,0.6625662629566239,0.5650011564027593,0.10374182042709501,0.751665588145925,0.10374182042709501,sklearn.linear_model._base.LinearRegression,LinearRegression
